cycle;state;party;candidate;vote_share;;;
2012;Alabama;DEM;Barack Obama;38,3590331;;;
2012;Alaska;DEM;Barack Obama;40,81265911;;;
2012;Arizona;DEM;Barack Obama;44,58976694;;;
2012;Arkansas;DEM;Barack Obama;36,8789903;;;
2012;California;DEM;Barack Obama;60,23895914;;;
2012;Colorado;DEM;Barack Obama;51,49214523;;;
2012;Connecticut;DEM;Barack Obama;58,05684559;;;
2012;Delaware;DEM;Barack Obama;58,60635242;;;
2012;District of Columbia;DEM;Barack Obama;90,91311393;;;
2012;Florida;DEM;Barack Obama;50,00786507;;;
2012;Georgia;DEM;Barack Obama;45,48216049;;;
2012;Hawaii;DEM;Barack Obama;70,54523036;;;
2012;Idaho;DEM;Barack Obama;32,62233356;;;
2012;Illinois;DEM;Barack Obama;57,60213536;;;
2012;Indiana;DEM;Barack Obama;43,9273029;;;
2012;Iowa;DEM;Barack Obama;51,98801653;;;
2012;Kansas;DEM;Barack Obama;37,99457055;;;
2012;Kentucky;DEM;Barack Obama;37,80132783;;;
2012;Louisiana;DEM;Barack Obama;40,57746362;;;
2012;Maine;DEM;Barack Obama;56,26994588;;;
2012;Maryland;DEM;Barack Obama;61,97419078;;;
2012;Massachusetts;DEM;Barack Obama;60,65124108;;;
2012;Michigan;DEM;Barack Obama;54,20820421;;;
2012;Minnesota;DEM;Barack Obama;52,65230315;;;
2012;Mississippi;DEM;Barack Obama;43,78935954;;;
2012;Missouri;DEM;Barack Obama;44,38348355;;;
2012;Montana;DEM;Barack Obama;41,69813737;;;
2012;Nebraska;DEM;Barack Obama;38,02731442;;;
2012;Nevada;DEM;Barack Obama;52,35624947;;;
2012;New Hampshire;DEM;Barack Obama;51,97968415;;;
2012;New Jersey;DEM;Barack Obama;58,3772126;;;
2012;New Mexico;DEM;Barack Obama;52,99276052;;;
2012;New York;DEM;Barack Obama;63,3475537;;;
2012;North Carolina;DEM;Barack Obama;48,35096858;;;
2012;North Dakota;DEM;Barack Obama;38,69081013;;;
2012;Ohio;DEM;Barack Obama;50,66809751;;;
2012;Oklahoma;DEM;Barack Obama;33,22768026;;;
2012;Oregon;DEM;Barack Obama;54,23932665;;;
2012;Pennsylvania;DEM;Barack Obama;51,97159378;;;
2012;Rhode Island;DEM;Barack Obama;62,70095886;;;
2012;South Carolina;DEM;Barack Obama;44,08803341;;;
2012;South Dakota;DEM;Barack Obama;39,86614076;;;
2012;Tennessee;DEM;Barack Obama;39,07581499;;;
2012;Texas;DEM;Barack Obama;41,38335828;;;
2012;Utah;DEM;Barack Obama;24,74966583;;;
2012;Vermont;DEM;Barack Obama;66,5705503;;;
2012;Virginia;DEM;Barack Obama;51,1564568;;;
2012;Washington;DEM;Barack Obama;56,1633983;;;
2012;West Virginia;DEM;Barack Obama;35,53930416;;;
2012;Wisconsin;DEM;Barack Obama;52,82776165;;;
2012;Wyoming;DEM;Barack Obama;27,81888774;;;
2012;Alabama;REP;Mitt Romney;60,54582233;;;
2012;Alaska;REP;Mitt Romney;54,8015774;;;
2012;Arizona;REP;Mitt Romney;53,65453317;;;
2012;Arkansas;REP;Mitt Romney;60,56693608;;;
2012;California;REP;Mitt Romney;37,12037852;;;
2012;Colorado;REP;Mitt Romney;46,12698393;;;
2012;Connecticut;REP;Mitt Romney;40,72535537;;;
2012;Delaware;REP;Mitt Romney;39,97960964;;;
2012;District of Columbia;REP;Mitt Romney;7,278291418;;;
2012;Florida;REP;Mitt Romney;49,13097776;;;
2012;Georgia;REP;Mitt Romney;53,29900899;;;
2012;Hawaii;REP;Mitt Romney;27,83893149;;;
2012;Idaho;REP;Mitt Romney;64,5297835;;;
2012;Illinois;REP;Mitt Romney;40,73274127;;;
2012;Indiana;REP;Mitt Romney;54,12553238;;;
2012;Iowa;REP;Mitt Romney;46,17786851;;;
2012;Kansas;REP;Mitt Romney;59,71132037;;;
2012;Kentucky;REP;Mitt Romney;60,4931416;;;
2012;Louisiana;REP;Mitt Romney;57,78457573;;;
2012;Maine;REP;Mitt Romney;40,98208026;;;
2012;Maryland;REP;Mitt Romney;35,89773234;;;
2012;Massachusetts;REP;Mitt Romney;37,5126706;;;
2012;Michigan;REP;Mitt Romney;44,71091603;;;
2012;Minnesota;REP;Mitt Romney;44,95820111;;;
2012;Mississippi;REP;Mitt Romney;55,28584674;;;
2012;Missouri;REP;Mitt Romney;53,76374114;;;
2012;Montana;REP;Mitt Romney;55,35153538;;;
2012;Nebraska;REP;Mitt Romney;59,80319218;;;
2012;Nevada;REP;Mitt Romney;45,67531564;;;
2012;New Hampshire;REP;Mitt Romney;46,40379649;;;
2012;New Jersey;REP;Mitt Romney;40,58927141;;;
2012;New Mexico;REP;Mitt Romney;42,84332664;;;
2012;New York;REP;Mitt Romney;35,16982178;;;
2012;North Carolina;REP;Mitt Romney;50,3930641;;;
2012;North Dakota;REP;Mitt Romney;58,32214911;;;
2012;Ohio;REP;Mitt Romney;47,68876481;;;
2012;Oklahoma;REP;Mitt Romney;66,77231974;;;
2012;Oregon;REP;Mitt Romney;42,14987118;;;
2012;Pennsylvania;REP;Mitt Romney;46,58650913;;;
2012;Rhode Island;REP;Mitt Romney;35,24366157;;;
2012;South Carolina;REP;Mitt Romney;54,56113126;;;
2012;South Dakota;REP;Mitt Romney;57,88931188;;;
2012;Tennessee;REP;Mitt Romney;59,47871472;;;
2012;Texas;REP;Mitt Romney;57,16697747;;;
2012;Utah;REP;Mitt Romney;72,7905331;;;
2012;Vermont;REP;Mitt Romney;30,97263524;;;
2012;Virginia;REP;Mitt Romney;47,2831029;;;
2012;Washington;REP;Mitt Romney;41,29462143;;;
2012;West Virginia;REP;Mitt Romney;62,29584242;;;
2012;Wisconsin;REP;Mitt Romney;45,88549077;;;
2012;Wyoming;REP;Mitt Romney;68,64262169;;;
2016;Alabama;DEM;Hillary Rodham Clinton;34,35794576;;;
2016;Alaska;DEM;Hillary Rodham Clinton;36,55087129;;;
2016;Arizona;DEM;Hillary Rodham Clinton;45,12602184;;;
2016;Arkansas;DEM;Hillary Rodham Clinton;33,65190382;;;
2016;California;DEM;Hillary Rodham Clinton;61,72638864;;;
2016;Colorado;DEM;Hillary Rodham Clinton;48,15651271;;;
2016;Connecticut;DEM;Hillary Rodham Clinton;54,5663011;;;
2016;Delaware;DEM;Hillary Rodham Clinton;53,08597746;;;
2016;District of Columbia;DEM;Hillary Rodham Clinton;90,86382153;;;
2016;Florida;DEM;Hillary Rodham Clinton;47,82331581;;;
2016;Georgia;DEM;Hillary Rodham Clinton;45,63998336;;;
2016;Hawaii;DEM;Hillary Rodham Clinton;62,22149173;;;
2016;Idaho;DEM;Hillary Rodham Clinton;27,49201382;;;
2016;Illinois;DEM;Hillary Rodham Clinton;55,8253667;;;
2016;Indiana;DEM;Hillary Rodham Clinton;37,77483969;;;
2016;Iowa;DEM;Hillary Rodham Clinton;41,74048917;;;
2016;Kansas;DEM;Hillary Rodham Clinton;36,05237073;;;
2016;Kentucky;DEM;Hillary Rodham Clinton;32,68218833;;;
2016;Louisiana;DEM;Hillary Rodham Clinton;38,4495661;;;
2016;Maine;DEM;Hillary Rodham Clinton;47,83020268;;;
2016;Maryland;DEM;Hillary Rodham Clinton;60,32574424;;;
2016;Massachusetts;DEM;Hillary Rodham Clinton;60,00506459;;;
2016;Michigan;DEM;Hillary Rodham Clinton;47,27453095;;;
2016;Minnesota;DEM;Hillary Rodham Clinton;46,44491857;;;
2016;Mississippi;DEM;Hillary Rodham Clinton;40,11478827;;;
2016;Missouri;DEM;Hillary Rodham Clinton;38,13523084;;;
2016;Montana;DEM;Hillary Rodham Clinton;35,74576534;;;
2016;Nebraska;DEM;Hillary Rodham Clinton;33,69875638;;;
2016;Nevada;DEM;Hillary Rodham Clinton;47,91782368;;;
2016;New Hampshire;DEM;Hillary Rodham Clinton;46,82626267;;;
2016;New Jersey;DEM;Hillary Rodham Clinton;55,45308445;;;
2016;New Mexico;DEM;Hillary Rodham Clinton;48,25564718;;;
2016;New York;DEM;Hillary Rodham Clinton;59,00605094;;;
2016;North Carolina;DEM;Hillary Rodham Clinton;46,17286617;;;
2016;North Dakota;DEM;Hillary Rodham Clinton;27,22673946;;;
2016;Ohio;DEM;Hillary Rodham Clinton;43,55807628;;;
2016;Oklahoma;DEM;Hillary Rodham Clinton;28,93168028;;;
2016;Oregon;DEM;Hillary Rodham Clinton;50,071852;;;
2016;Pennsylvania;DEM;Hillary Rodham Clinton;47,46494919;;;
2016;Rhode Island;DEM;Hillary Rodham Clinton;54,40660657;;;
2016;South Carolina;DEM;Hillary Rodham Clinton;40,67341979;;;
2016;South Dakota;DEM;Hillary Rodham Clinton;31,73742816;;;
2016;Tennessee;DEM;Hillary Rodham Clinton;34,7163328;;;
2016;Texas;DEM;Hillary Rodham Clinton;43,23525798;;;
2016;Utah;DEM;Hillary Rodham Clinton;27,4587027;;;
2016;Vermont;DEM;Hillary Rodham Clinton;56,67778599;;;
2016;Virginia;DEM;Hillary Rodham Clinton;49,72789199;;;
2016;Washington;DEM;Hillary Rodham Clinton;52,53868006;;;
2016;West Virginia;DEM;Hillary Rodham Clinton;26,42608091;;;
2016;Wisconsin;DEM;Hillary Rodham Clinton;46,45384137;;;
2016;Wyoming;DEM;Hillary Rodham Clinton;21,87735735;;;
2016;Alabama;REP;Donald Trump;62,08309236;;;
2016;Alaska;REP;Donald Trump;51,28151208;;;
2016;Arizona;REP;Donald Trump;48,67161647;;;
2016;Arkansas;REP;Donald Trump;60,57190566;;;
2016;California;REP;Donald Trump;31,61711468;;;
2016;Colorado;REP;Donald Trump;43,25097734;;;
2016;Connecticut;REP;Donald Trump;40,92691438;;;
2016;Delaware;REP;Donald Trump;41,71274453;;;
2016;District of Columbia;REP;Donald Trump;4,087474459;;;
2016;Florida;REP;Donald Trump;49,02194142;;;
2016;Georgia;REP;Donald Trump;50,77132605;;;
2016;Hawaii;REP;Donald Trump;30,03867701;;;
2016;Idaho;REP;Donald Trump;59,26143237;;;
2016;Illinois;REP;Donald Trump;38,76175307;;;
2016;Indiana;REP;Donald Trump;56,94003345;;;
2016;Iowa;REP;Donald Trump;51,14732722;;;
2016;Kansas;REP;Donald Trump;56,65458181;;;
2016;Kentucky;REP;Donald Trump;62,51963855;;;
2016;Louisiana;REP;Donald Trump;58,08868465;;;
2016;Maine;REP;Donald Trump;44,86975333;;;
2016;Maryland;REP;Donald Trump;33,90930473;;;
2016;Massachusetts;REP;Donald Trump;32,80835814;;;
2016;Michigan;REP;Donald Trump;47,49756422;;;
2016;Minnesota;REP;Donald Trump;44,92478809;;;
2016;Mississippi;REP;Donald Trump;57,94103809;;;
2016;Missouri;REP;Donald Trump;56,77234784;;;
2016;Montana;REP;Donald Trump;56,16849745;;;
2016;Nebraska;REP;Donald Trump;58,74735113;;;
2016;Nevada;REP;Donald Trump;45,50069532;;;
2016;New Hampshire;REP;Donald Trump;46,45866698;;;
2016;New Jersey;REP;Donald Trump;41,35038665;;;
2016;New Mexico;REP;Donald Trump;40,04251433;;;
2016;New York;REP;Donald Trump;36,51562752;;;
2016;North Carolina;REP;Donald Trump;49,8280947;;;
2016;North Dakota;REP;Donald Trump;62,95562783;;;
2016;Ohio;REP;Donald Trump;51,68765068;;;
2016;Oklahoma;REP;Donald Trump;65,32286482;;;
2016;Oregon;REP;Donald Trump;39,09403518;;;
2016;Pennsylvania;REP;Donald Trump;48,18333631;;;
2016;Rhode Island;REP;Donald Trump;38,8980575;;;
2016;South Carolina;REP;Donald Trump;54,93933269;;;
2016;South Dakota;REP;Donald Trump;61,53075038;;;
2016;Tennessee;REP;Donald Trump;60,72203369;;;
2016;Texas;REP;Donald Trump;52,23468558;;;
2016;Utah;REP;Donald Trump;45,53803594;;;
2016;Vermont;REP;Donald Trump;30,26943476;;;
2016;Virginia;REP;Donald Trump;44,40669663;;;
2016;Washington;REP;Donald Trump;36,83268019;;;
2016;West Virginia;REP;Donald Trump;68,49877454;;;
2016;Wisconsin;REP;Donald Trump;47,21818457;;;
2016;Wyoming;REP;Donald Trump;68,17263308;;;
2020;Alabama;DEM;Joseph R. Biden Jr.;36,56999021;;;
2020;Alaska;DEM;Joseph R. Biden Jr.;42,77195227;;;
2020;Arizona;DEM;Joseph R. Biden Jr.;49,36469061;;;
2020;Arkansas;DEM;Joseph R. Biden Jr.;34,77506195;;;
2020;California;DEM;Joseph R. Biden Jr.;63,48435952;;;
2020;Colorado;DEM;Joseph R. Biden Jr.;55,39954191;;;
2020;Connecticut;DEM;Joseph R. Biden Jr.;59,26073152;;;
2020;Delaware;DEM;Joseph R. Biden Jr.;58,74300579;;;
2020;District of Columbia;DEM;Joseph R. Biden Jr.;92,14969392;;;
2020;Florida;DEM;Joseph R. Biden Jr.;47,86145073;;;
2020;Georgia;DEM;Joseph R. Biden Jr.;49,47305578;;;
2020;Hawaii;DEM;Joseph R. Biden Jr.;63,73363924;;;
2020;Idaho;DEM;Joseph R. Biden Jr.;33,06944998;;;
2020;Illinois;DEM;Joseph R. Biden Jr.;57,54163584;;;
2020;Indiana;DEM;Joseph R. Biden Jr.;40,96313806;;;
2020;Iowa;DEM;Joseph R. Biden Jr.;44,89171557;;;
2020;Kansas;DEM;Joseph R. Biden Jr.;41,5086471;;;
2020;Kentucky;DEM;Joseph R. Biden Jr.;36,15151481;;;
2020;Louisiana;DEM;Joseph R. Biden Jr.;39,8514568;;;
2020;Maine;DEM;Joseph R. Biden Jr.;53,09245956;;;
2020;Maryland;DEM;Joseph R. Biden Jr.;65,36066486;;;
2020;Massachusetts;DEM;Joseph R. Biden Jr.;65,60006301;;;
2020;Michigan;DEM;Joseph R. Biden Jr.;50,62081829;;;
2020;Minnesota;DEM;Joseph R. Biden Jr.;52,39509931;;;
2020;Mississippi;DEM;Joseph R. Biden Jr.;41,05760646;;;
2020;Missouri;DEM;Joseph R. Biden Jr.;41,40878174;;;
2020;Montana;DEM;Joseph R. Biden Jr.;40,54936936;;;
2020;Nebraska;DEM;Joseph R. Biden Jr.;39,16663094;;;
2020;Nevada;DEM;Joseph R. Biden Jr.;50,05678196;;;
2020;New Hampshire;DEM;Joseph R. Biden Jr.;52,7083062;;;
2020;New Jersey;DEM;Joseph R. Biden Jr.;57,33431484;;;
2020;New Mexico;DEM;Joseph R. Biden Jr.;54,28928585;;;
2020;New York;DEM;Joseph R. Biden Jr.;60,86771041;;;
2020;North Carolina;DEM;Joseph R. Biden Jr.;48,58619419;;;
2020;North Dakota;DEM;Joseph R. Biden Jr.;31,77745122;;;
2020;Ohio;DEM;Joseph R. Biden Jr.;45,23933834;;;
2020;Oklahoma;DEM;Joseph R. Biden Jr.;32,28617434;;;
2020;Oregon;DEM;Joseph R. Biden Jr.;56,45331865;;;
2020;Pennsylvania;DEM;Joseph R. Biden Jr.;49,85211135;;;
2020;Rhode Island;DEM;Joseph R. Biden Jr.;59,38809132;;;
2020;South Carolina;DEM;Joseph R. Biden Jr.;43,43008814;;;
2020;South Dakota;DEM;Joseph R. Biden Jr.;35,60525214;;;
2020;Tennessee;DEM;Joseph R. Biden Jr.;37,45143427;;;
2020;Texas;DEM;Joseph R. Biden Jr.;46,47900991;;;
2020;Utah;DEM;Joseph R. Biden Jr.;37,64604858;;;
2020;Vermont;DEM;Joseph R. Biden Jr.;66,08641693;;;
2020;Virginia;DEM;Joseph R. Biden Jr.;54,10951718;;;
2020;Washington;DEM;Joseph R. Biden Jr.;57,97030114;;;
2020;West Virginia;DEM;Joseph R. Biden Jr.;29,69356927;;;
2020;Wisconsin;DEM;Joseph R. Biden Jr.;49,44953686;;;
2020;Wyoming;DEM;Joseph R. Biden Jr.;26,55357433;;;
2020;Alabama;REP;Donald Trump;62,03164317;;;
2020;Alaska;REP;Donald Trump;52,83314327;;;
2020;Arizona;REP;Donald Trump;49,05598103;;;
2020;Arkansas;REP;Donald Trump;62,39572986;;;
2020;California;REP;Donald Trump;34,3202536;;;
2020;Colorado;REP;Donald Trump;41,89792384;;;
2020;Connecticut;REP;Donald Trump;39,18711829;;;
2020;Delaware;REP;Donald Trump;39,77487677;;;
2020;District of Columbia;REP;Donald Trump;5,397321377;;;
2020;Florida;REP;Donald Trump;51,21981962;;;
2020;Georgia;REP;Donald Trump;49,2374739;;;
2020;Hawaii;REP;Donald Trump;34,26886394;;;
2020;Idaho;REP;Donald Trump;63,84344893;;;
2020;Illinois;REP;Donald Trump;40,5534441;;;
2020;Indiana;REP;Donald Trump;57,03057157;;;
2020;Iowa;REP;Donald Trump;53,08932497;;;
2020;Kansas;REP;Donald Trump;56,14365794;;;
2020;Kentucky;REP;Donald Trump;62,08657187;;;
2020;Louisiana;REP;Donald Trump;58,46088241;;;
2020;Maine;REP;Donald Trump;44,02125299;;;
2020;Maryland;REP;Donald Trump;32,15029157;;;
2020;Massachusetts;REP;Donald Trump;32,14191103;;;
2020;Michigan;REP;Donald Trump;47,83729069;;;
2020;Minnesota;REP;Donald Trump;45,28494241;;;
2020;Mississippi;REP;Donald Trump;57,60295458;;;
2020;Missouri;REP;Donald Trump;56,79965578;;;
2020;Montana;REP;Donald Trump;56,91846924;;;
2020;Nebraska;REP;Donald Trump;58,22416333;;;
2020;Nevada;REP;Donald Trump;47,66624732;;;
2020;New Hampshire;REP;Donald Trump;45,35570978;;;
2020;New Jersey;REP;Donald Trump;41,39643478;;;
2020;New Mexico;REP;Donald Trump;43,49666925;;;
2020;New York;REP;Donald Trump;37,73992641;;;
2020;North Carolina;REP;Donald Trump;49,93435061;;;
2020;North Dakota;REP;Donald Trump;65,12026827;;;
2020;Ohio;REP;Donald Trump;53,2713001;;;
2020;Oklahoma;REP;Donald Trump;65,37327185;;;
2020;Oregon;REP;Donald Trump;40,36724605;;;
2020;Pennsylvania;REP;Donald Trump;48,69087049;;;
2020;Rhode Island;REP;Donald Trump;38,61309456;;;
2020;South Carolina;REP;Donald Trump;55,11029396;;;
2020;South Dakota;REP;Donald Trump;61,76938967;;;
2020;Tennessee;REP;Donald Trump;60,66029417;;;
2020;Texas;REP;Donald Trump;52,0576036;;;
2020;Utah;REP;Donald Trump;58,12983903;;;
2020;Vermont;REP;Donald Trump;30,67376466;;;
2020;Virginia;REP;Donald Trump;43,99550367;;;
2020;Washington;REP;Donald Trump;38,76697774;;;
2020;West Virginia;REP;Donald Trump;68,62472963;;;
2020;Wisconsin;REP;Donald Trump;48,82243732;;;
2020;Wyoming;REP;Donald Trump;69,93622749;;;
2008;Alabama;DEM;Barack Obama;38,74043429;;;
2008;Alaska;DEM;Barack Obama;37,8893736;;;
2008;Arizona;DEM;Barack Obama;45,11525087;;;
2008;Arkansas;DEM;Barack Obama;38,86465977;;;
2008;California;DEM;Barack Obama;61,01263835;;;
2008;Colorado;DEM;Barack Obama;53,66035357;;;
2008;Connecticut;DEM;Barack Obama;60,58864572;;;
2008;Delaware;DEM;Barack Obama;61,94266898;;;
2008;District of Columbia;DEM;Barack Obama;92,45710976;;;
2008;Florida;DEM;Barack Obama;51,03330527;;;
2008;Georgia;DEM;Barack Obama;46,9901791;;;
2008;Hawaii;DEM;Barack Obama;71,84611789;;;
2008;Idaho;DEM;Barack Obama;36,09098763;;;
2008;Illinois;DEM;Barack Obama;61,91811452;;;
2008;Indiana;DEM;Barack Obama;49,94591164;;;
2008;Iowa;DEM;Barack Obama;53,92802007;;;
2008;Kansas;DEM;Barack Obama;41,65196719;;;
2008;Kentucky;DEM;Barack Obama;41,16811378;;;
2008;Louisiana;DEM;Barack Obama;39,9329138;;;
2008;Maine;DEM;Barack Obama;57,7057373;;;
2008;Maryland;DEM;Barack Obama;61,91934476;;;
2008;Massachusetts;DEM;Barack Obama;61,80156671;;;
2008;Michigan;DEM;Barack Obama;57,43129527;;;
2008;Minnesota;DEM;Barack Obama;54,0602927;;;
2008;Mississippi;DEM;Barack Obama;43,00155443;;;
2008;Missouri;DEM;Barack Obama;49,29264787;;;
2008;Montana;DEM;Barack Obama;47,24985825;;;
2008;Nebraska;DEM;Barack Obama;41,59826578;;;
2008;Nevada;DEM;Barack Obama;55,14667592;;;
2008;New Hampshire;DEM;Barack Obama;54,12689706;;;
2008;New Jersey;DEM;Barack Obama;57,27213715;;;
2008;New Mexico;DEM;Barack Obama;56,90748026;;;
2008;New York;DEM;Barack Obama;60,79536643;;;
2008;North Carolina;DEM;Barack Obama;49,70438126;;;
2008;North Dakota;DEM;Barack Obama;44,62054001;;;
2008;Ohio;DEM;Barack Obama;51,50427006;;;
2008;Oklahoma;DEM;Barack Obama;34,35491888;;;
2008;Oregon;DEM;Barack Obama;56,74880626;;;
2008;Pennsylvania;DEM;Barack Obama;54,48552801;;;
2008;Rhode Island;DEM;Barack Obama;62,86400461;;;
2008;South Carolina;DEM;Barack Obama;44,89656002;;;
2008;South Dakota;DEM;Barack Obama;44,74743111;;;
2008;Tennessee;DEM;Barack Obama;41,82853806;;;
2008;Texas;DEM;Barack Obama;43,68312145;;;
2008;Utah;DEM;Barack Obama;34,40574567;;;
2008;Vermont;DEM;Barack Obama;67,4556832;;;
2008;Virginia;DEM;Barack Obama;52,62946987;;;
2008;Washington;DEM;Barack Obama;57,65289221;;;
2008;West Virginia;DEM;Barack Obama;42,58975038;;;
2008;Wisconsin;DEM;Barack Obama;56,21778652;;;
2008;Wyoming;DEM;Barack Obama;32,54089799;;;
2008;Alabama;REP;John McCain;60,31691303;;;
2008;Alaska;REP;John McCain;59,42451954;;;
2008;Arizona;REP;John McCain;53,63524782;;;
2008;Arkansas;REP;John McCain;58,7159045;;;
2008;California;REP;John McCain;36,95485883;;;
2008;Colorado;REP;John McCain;44,70730747;;;
2008;Connecticut;REP;John McCain;38,22134726;;;
2008;Delaware;REP;John McCain;36,94703355;;;
2008;District of Columbia;REP;John McCain;6,532557466;;;
2008;Florida;REP;John McCain;48,21531917;;;
2008;Georgia;REP;John McCain;52,20451799;;;
2008;Hawaii;REP;John McCain;26,58168125;;;
2008;Idaho;REP;John McCain;61,51709147;;;
2008;Illinois;REP;John McCain;36,78092254;;;
2008;Indiana;REP;John McCain;48,91390718;;;
2008;Iowa;REP;John McCain;44,39325936;;;
2008;Kansas;REP;John McCain;56,61225434;;;
2008;Kentucky;REP;John McCain;57,39902114;;;
2008;Louisiana;REP;John McCain;58,56272131;;;
2008;Maine;REP;John McCain;40,38401834;;;
2008;Maryland;REP;John McCain;36,47451965;;;
2008;Massachusetts;REP;John McCain;35,99024338;;;
2008;Michigan;REP;John McCain;40,95831352;;;
2008;Minnesota;REP;John McCain;43,82293104;;;
2008;Mississippi;REP;John McCain;56,17618898;;;
2008;Missouri;REP;John McCain;49,42607441;;;
2008;Montana;REP;John McCain;49,51295324;;;
2008;Nebraska;REP;John McCain;56,53185337;;;
2008;Nevada;REP;John McCain;42,65411511;;;
2008;New Hampshire;REP;John McCain;44,52142847;;;
2008;New Jersey;REP;John McCain;41,70393386;;;
2008;New Mexico;REP;John McCain;41,77903483;;;
2008;New York;REP;John McCain;31,64958563;;;
2008;North Carolina;REP;John McCain;49,37550875;;;
2008;North Dakota;REP;John McCain;53,25010028;;;
2008;Ohio;REP;John McCain;46,91057836;;;
2008;Oklahoma;REP;John McCain;65,64508112;;;
2008;Oregon;REP;John McCain;40,40098169;;;
2008;Pennsylvania;REP;John McCain;44,16705248;;;
2008;Rhode Island;REP;John McCain;35,05784647;;;
2008;South Carolina;REP;John McCain;53,87364398;;;
2008;South Dakota;REP;John McCain;53,15897637;;;
2008;Tennessee;REP;John McCain;56,89695428;;;
2008;Texas;REP;John McCain;55,45236045;;;
2008;Utah;REP;John McCain;62,58386971;;;
2008;Vermont;REP;John McCain;30,44922872;;;
2008;Virginia;REP;John McCain;46,33050069;;;
2008;Washington;REP;John McCain;40,47630494;;;
2008;West Virginia;REP;John McCain;55,71034311;;;
2008;Wisconsin;REP;John McCain;42,31366249;;;
2008;Wyoming;REP;John McCain;64,7762882;;;
2004;Alabama;DEM;John Kerry;36,84373721;;;
2004;Alaska;DEM;John Kerry;35,51686191;;;
2004;Arizona;DEM;John Kerry;44,39683293;;;
2004;Arkansas;DEM;John Kerry;44,54763045;;;
2004;California;DEM;John Kerry;54,30337602;;;
2004;Colorado;DEM;John Kerry;47,0223862;;;
2004;Connecticut;DEM;John Kerry;54,31370897;;;
2004;Delaware;DEM;John Kerry;53,3468376;;;
2004;District of Columbia;DEM;John Kerry;89,18386896;;;
2004;Florida;DEM;John Kerry;47,09111003;;;
2004;Georgia;DEM;John Kerry;41,37494605;;;
2004;Hawaii;DEM;John Kerry;54,00955216;;;
2004;Idaho;DEM;John Kerry;30,2613264;;;
2004;Illinois;DEM;John Kerry;54,82316021;;;
2004;Indiana;DEM;John Kerry;39,26297467;;;
2004;Iowa;DEM;John Kerry;49,23313168;;;
2004;Kansas;DEM;John Kerry;36,62309431;;;
2004;Kentucky;DEM;John Kerry;39,68707298;;;
2004;Louisiana;DEM;John Kerry;42,2158647;;;
2004;Maine;DEM;John Kerry;53,57285569;;;
2004;Maryland;DEM;John Kerry;55,91424566;;;
2004;Massachusetts;DEM;John Kerry;61,93542893;;;
2004;Michigan;DEM;John Kerry;51,23070673;;;
2004;Minnesota;DEM;John Kerry;51,08968469;;;
2004;Mississippi;DEM;John Kerry;39,76009964;;;
2004;Missouri;DEM;John Kerry;46,10044652;;;
2004;Montana;DEM;John Kerry;38,56408663;;;
2004;Nebraska;DEM;John Kerry;32,68216082;;;
2004;Nevada;DEM;John Kerry;47,87804052;;;
2004;New Hampshire;DEM;John Kerry;50,24227651;;;
2004;New Jersey;DEM;John Kerry;52,92340901;;;
2004;New Mexico;DEM;John Kerry;49,04667964;;;
2004;New York;DEM;John Kerry;56,56520953;;;
2004;North Carolina;DEM;John Kerry;43,58314622;;;
2004;North Dakota;DEM;John Kerry;35,49881247;;;
2004;Ohio;DEM;John Kerry;48,70667751;;;
2004;Oklahoma;DEM;John Kerry;34,42959834;;;
2004;Oregon;DEM;John Kerry;51,34866304;;;
2004;Pennsylvania;DEM;John Kerry;50,92380914;;;
2004;Rhode Island;DEM;John Kerry;59,42342623;;;
2004;South Carolina;DEM;John Kerry;40,90293189;;;
2004;South Dakota;DEM;John Kerry;38,44364592;;;
2004;Tennessee;DEM;John Kerry;42,52529111;;;
2004;Texas;DEM;John Kerry;38,22417794;;;
2004;Utah;DEM;John Kerry;25,99564151;;;
2004;Vermont;DEM;John Kerry;58,93746258;;;
2004;Virginia;DEM;John Kerry;45,4838985;;;
2004;Washington;DEM;John Kerry;52,82114831;;;
2004;West Virginia;DEM;John Kerry;43,19971107;;;
2004;Wisconsin;DEM;John Kerry;49,69971708;;;
2004;Wyoming;DEM;John Kerry;29,07471614;;;
2004;Alabama;REP;George W. Bush;62,45956222;;;
2004;Alaska;REP;George W. Bush;61,06532991;;;
2004;Arizona;REP;George W. Bush;54,86943409;;;
2004;Arkansas;REP;George W. Bush;54,30595908;;;
2004;California;REP;George W. Bush;44,35591408;;;
2004;Colorado;REP;George W. Bush;51,69410373;;;
2004;Connecticut;REP;George W. Bush;43,94727791;;;
2004;Delaware;REP;George W. Bush;45,75281857;;;
2004;District of Columbia;REP;George W. Bush;9,339766066;;;
2004;Florida;REP;George W. Bush;52,09751623;;;
2004;Georgia;REP;George W. Bush;57,97475677;;;
2004;Hawaii;REP;George W. Bush;45,26459571;;;
2004;Idaho;REP;George W. Bush;68,38283089;;;
2004;Illinois;REP;George W. Bush;44,47862683;;;
2004;Indiana;REP;George W. Bush;59,94476504;;;
2004;Iowa;REP;George W. Bush;49,90065751;;;
2004;Kansas;REP;George W. Bush;62,00398062;;;
2004;Kentucky;REP;George W. Bush;59,54951383;;;
2004;Louisiana;REP;George W. Bush;56,72202134;;;
2004;Maine;REP;George W. Bush;44,57645744;;;
2004;Maryland;REP;George W. Bush;42,93427936;;;
2004;Massachusetts;REP;George W. Bush;36,77768896;;;
2004;Michigan;REP;George W. Bush;47,81205856;;;
2004;Minnesota;REP;George W. Bush;47,61353379;;;
2004;Mississippi;REP;George W. Bush;59,45267306;;;
2004;Missouri;REP;George W. Bush;53,29619194;;;
2004;Montana;REP;George W. Bush;59,06670071;;;
2004;Nebraska;REP;George W. Bush;65,8986412;;;
2004;Nevada;REP;George W. Bush;50,46969155;;;
2004;New Hampshire;REP;George W. Bush;48,87390112;;;
2004;New Jersey;REP;George W. Bush;46,23881168;;;
2004;New Mexico;REP;George W. Bush;49,83842476;;;
2004;New York;REP;George W. Bush;37,97834295;;;
2004;North Carolina;REP;George W. Bush;56,01719734;;;
2004;North Dakota;REP;George W. Bush;62,86133496;;;
2004;Ohio;REP;George W. Bush;50,81405027;;;
2004;Oklahoma;REP;George W. Bush;65,57040166;;;
2004;Oregon;REP;George W. Bush;47,19291674;;;
2004;Pennsylvania;REP;George W. Bush;48,42366615;;;
2004;Rhode Island;REP;George W. Bush;38,67143713;;;
2004;South Carolina;REP;George W. Bush;57,98087444;;;
2004;South Dakota;REP;George W. Bush;59,91113172;;;
2004;Tennessee;REP;George W. Bush;56,79908949;;;
2004;Texas;REP;George W. Bush;61,08569088;;;
2004;Utah;REP;George W. Bush;71,53594785;;;
2004;Vermont;REP;George W. Bush;38,80131536;;;
2004;Virginia;REP;George W. Bush;53,68236353;;;
2004;Washington;REP;George W. Bush;45,64028199;;;
2004;West Virginia;REP;George W. Bush;56,06367089;;;
2004;Wisconsin;REP;George W. Bush;49,31987146;;;
2004;Wyoming;REP;George W. Bush;68,86184005;;;
2000;Alabama;DEM;Al Gore;41,57;;;
2000;Alaska;DEM;Al Gore;27,67;;;
2000;Arizona;DEM;Al Gore;44,73;;;
2000;Arkansas;DEM;Al Gore;45,86;;;
2000;California;DEM;Al Gore;53,45;;;
2000;Colorado;DEM;Al Gore;42,39;;;
2000;Connecticut;DEM;Al Gore;55,91;;;
2000;Delaware;DEM;Al Gore;54,96;;;
2000;District of Columbia;DEM;Al Gore;85,16;;;
2000;Florida;DEM;Al Gore;48,84;;;
2000;Georgia;DEM;Al Gore;42,98;;;
2000;Hawaii;DEM;Al Gore;55,79;;;
2000;Idaho;DEM;Al Gore;27,64;;;
2000;Illinois;DEM;Al Gore;54,60;;;
2000;Indiana;DEM;Al Gore;41,01;;;
2000;Iowa;DEM;Al Gore;48,54;;;
2000;Kansas;DEM;Al Gore;37,24;;;
2000;Kentucky;DEM;Al Gore;41,37;;;
2000;Louisiana;DEM;Al Gore;44,88;;;
2000;Maine;DEM;Al Gore;49,09;;;
2000;Maryland;DEM;Al Gore;56,57;;;
2000;Massachusetts;DEM;Al Gore;59,80;;;
2000;Michigan;DEM;Al Gore;51,28;;;
2000;Minnesota;DEM;Al Gore;47,90;;;
2000;Mississippi;DEM;Al Gore;40,70;;;
2000;Missouri;DEM;Al Gore;47,08;;;
2000;Montana;DEM;Al Gore;33,36;;;
2000;Nebraska;DEM;Al Gore;33,25;;;
2000;Nevada;DEM;Al Gore;45,98;;;
2000;New Hampshire;DEM;Al Gore;46,80;;;
2000;New Jersey;DEM;Al Gore;56,12;;;
2000;New Mexico;DEM;Al Gore;47,91;;;
2000;New York;DEM;Al Gore;60,21;;;
2000;North Carolina;DEM;Al Gore;43,20;;;
2000;North Dakota;DEM;Al Gore;33,06;;;
2000;Ohio;DEM;Al Gore;46,46;;;
2000;Oklahoma;DEM;Al Gore;38,43;;;
2000;Oregon;DEM;Al Gore;46,96;;;
2000;Pennsylvania;DEM;Al Gore;50,60;;;
2000;Rhode Island;DEM;Al Gore;60,99;;;
2000;South Carolina;DEM;Al Gore;40,90;;;
2000;South Dakota;DEM;Al Gore;37,56;;;
2000;Tennessee;DEM;Al Gore;47,28;;;
2000;Texas;DEM;Al Gore;37,98;;;
2000;Utah;DEM;Al Gore;26,34;;;
2000;Vermont;DEM;Al Gore;50,63;;;
2000;Virginia;DEM;Al Gore;44,44;;;
2000;Washington;DEM;Al Gore;50,16;;;
2000;West Virginia;DEM;Al Gore;45,59;;;
2000;Wisconsin;DEM;Al Gore;47,83;;;
2000;Wyoming;DEM;Al Gore;27,70;;;
2000;Alabama;REP;George W. Bush;56,48;;;
2000;Alaska;REP;George W. Bush;58,62;;;
2000;Arizona;REP;George W. Bush;51,02;;;
2000;Arkansas;REP;George W. Bush;51,31;;;
2000;California;REP;George W. Bush;41,65;;;
2000;Colorado;REP;George W. Bush;50,75;;;
2000;Connecticut;REP;George W. Bush;38,44;;;
2000;Delaware;REP;George W. Bush;41,90;;;
2000;District of Columbia;REP;George W. Bush;8,95;;;
2000;Florida;REP;George W. Bush;48,85;;;
2000;Georgia;REP;George W. Bush;54,67;;;
2000;Hawaii;REP;George W. Bush;37,46;;;
2000;Idaho;REP;George W. Bush;67,17;;;
2000;Illinois;REP;George W. Bush;42,58;;;
2000;Indiana;REP;George W. Bush;56,65;;;
2000;Iowa;REP;George W. Bush;48,22;;;
2000;Kansas;REP;George W. Bush;58,04;;;
2000;Kentucky;REP;George W. Bush;56,50;;;
2000;Louisiana;REP;George W. Bush;52,55;;;
2000;Maine;REP;George W. Bush;43,97;;;
2000;Maryland;REP;George W. Bush;40,18;;;
2000;Massachusetts;REP;George W. Bush;32,50;;;
2000;Michigan;REP;George W. Bush;46,15;;;
2000;Minnesota;REP;George W. Bush;45,50;;;
2000;Mississippi;REP;George W. Bush;57,62;;;
2000;Missouri;REP;George W. Bush;50,42;;;
2000;Montana;REP;George W. Bush;58,44;;;
2000;Nebraska;REP;George W. Bush;62,24;;;
2000;Nevada;REP;George W. Bush;49,52;;;
2000;New Hampshire;REP;George W. Bush;48,07;;;
2000;New Jersey;REP;George W. Bush;40,29;;;
2000;New Mexico;REP;George W. Bush;47,85;;;
2000;New York;REP;George W. Bush;35,23;;;
2000;North Carolina;REP;George W. Bush;56,03;;;
2000;North Dakota;REP;George W. Bush;60,66;;;
2000;Ohio;REP;George W. Bush;49,97;;;
2000;Oklahoma;REP;George W. Bush;60,31;;;
2000;Oregon;REP;George W. Bush;46,52;;;
2000;Pennsylvania;REP;George W. Bush;46,43;;;
2000;Rhode Island;REP;George W. Bush;31,91;;;
2000;South Carolina;REP;George W. Bush;56,84;;;
2000;South Dakota;REP;George W. Bush;60,30;;;
2000;Tennessee;REP;George W. Bush;51,15;;;
2000;Texas;REP;George W. Bush;59,30;;;
2000;Utah;REP;George W. Bush;66,83;;;
2000;Vermont;REP;George W. Bush;40,70;;;
2000;Virginia;REP;George W. Bush;52,47;;;
2000;Washington;REP;George W. Bush;44,58;;;
2000;West Virginia;REP;George W. Bush;51,92;;;
2000;Wisconsin;REP;George W. Bush;47,61;;;
2000;Wyoming;REP;George W. Bush;67,76;;;
